source,scan,peptide,modifiedSequence,percolatorScore,qValue,spectralAngle,engineScore,charge,proteins
PR487_Michele_20180611_B07_rep1,4189,APGIRDHESL,APGIRDHESL,1.5927252336195243,0.00177304964539,0.9394830069136548,206.38,2,ENSP00000357192.5|ENST00000368209.9|ENSG00000143321.19|OTTHUMG00000041295.2|OTTHUMT00000098947.1|HDGF-203|HDGF|233;ENSP00000349878.5|ENST00000357325.10|ENSG00000143321.19|OTTHUMG00000041295.2|OTTHUMT00000098946.2|HDGF-201|HDGF|240;ENSP00000357189.5|ENST00000368206.5|ENSG00000143321.19|OTTHUMG00000041295.2|OTTHUMT00000098948.1|HDGF-202|HDGF|256
PR487_Michele_20180611_B07_rep1,11889,MPDGQFKDISL,M[+16.0]PDGQFKDISL,1.5016082794450445,0.00177304964539,0.9301943400952056,136.52,2,ENSP00000407034.1|ENST00000447184.5|ENSG00000117450.14|OTTHUMG00000007738.7|OTTHUMT00000020846.6|PRDX1-205|PRDX1|171;ENSP00000389047.1|ENST00000424390.1|ENSG00000117450.14|OTTHUMG00000007738.7|OTTHUMT00000020848.1|PRDX1-204|PRDX1|171;ENSP00000361152.5|ENST00000319248.13|ENSG00000117450.14|OTTHUMG00000007738.7|OTTHUMT00000020845.2|PRDX1-202|PRDX1|199;ENSP00000262746.1|ENST00000262746.5|ENSG00000117450.14|OTTHUMG00000007738.7|-|PRDX1-201|PRDX1|199
PR487_Michele_20180611_B07_rep1,5089,VLYHYVAVNNPKKQE,VLYHYVAVNNPKKQE,1.4553475631069082,0.00177304964539,0.8306720940846629,146.0,4,ENSP00000457935.1|ENST00000456793.2|ENSG00000228474.6|OTTHUMG00000151990.5|OTTHUMT00000324704.3|OST4-203|OST4|37;ENSP00000455716.1|ENST00000429985.1|ENSG00000228474.6|OTTHUMG00000151990.5|OTTHUMT00000324706.2|OST4-201|OST4|37
PR487_Michele_20180611_B07_rep1,5554,MPSEQIRNQL,M[+16.0]PSEQIRNQL,1.447131995275206,0.00177304964539,0.9480338908171484,184.36,2,ENSP00000438178.2|ENST00000541549.2|ENSG00000107581.13|OTTHUMG00000019144.4|-|EIF3A-203|EIF3A|1382;ENSP00000358140.3|ENST00000369144.8|ENSG00000107581.13|OTTHUMG00000019144.4|OTTHUMT00000050634.3|EIF3A-201|EIF3A|1382
PR487_Michele_20180611_B07_rep1,4218,HPYFNQRKL,HPYFNQRKL,1.3950427903793354,0.00177304964539,0.8721388775714958,127.02,3,ENSP00000416415.1|ENST00000442997.5|ENSG00000187134.14|OTTHUMG00000017580.4|OTTHUMT00000046525.2|AKR1C1-203|AKR1C1|248;ENSP00000392694.2|ENST00000421196.7|ENSG00000151632.17|OTTHUMG00000017584.4|OTTHUMT00000468442.1|AKR1C2-202|AKR1C2|297;ENSP00000370254.4|ENST00000380872.9|ENSG00000187134.14|OTTHUMG00000017580.4|OTTHUMT00000046523.3|AKR1C1-202|AKR1C1|323;ENSP00000370129.4|ENST00000380753.8|ENSG00000151632.17|OTTHUMG00000017584.4|OTTHUMT00000046531.2|AKR1C2-201|AKR1C2|323
PR487_Michele_20180611_B07_rep1,8861,VAGMDVELTVEER,VAGM[+16.0]DVELTVEER,1.311030403708204,0.00177304964539,0.9056178272367552,74.944,2,ENSP00000461766.1|ENST00000573196.5|ENSG00000108953.17|OTTHUMG00000134316.7|OTTHUMT00000437349.1|YWHAE-211|YWHAE|94;ENSP00000460712.1|ENST00000575977.1|ENSG00000108953.17|OTTHUMG00000134316.7|OTTHUMT00000437358.1|YWHAE-212|YWHAE|107;ENSP00000464883.1|ENST00000466227.6|ENSG00000108953.17|OTTHUMG00000134316.7|OTTHUMT00000259355.2|YWHAE-202|YWHAE|109;ENSP00000461762.1|ENST00000571732.5|ENSG00000108953.17|OTTHUMG00000134316.7|OTTHUMT00000437356.1|YWHAE-208|YWHAE|233;ENSP00000264335.8|ENST00000264335.13|ENSG00000108953.17|OTTHUMG00000134316.7|OTTHUMT00000259354.4|YWHAE-201|YWHAE|255
PR487_Michele_20180611_B07_rep1,4313,SPKNIGGSHSVL,SPKNIGGSHSVL,1.2553245598613338,0.00177304964539,0.8643625101502297,164.64,2,ENSP00000496583.1|ENST00000646001.1|ENSG00000156869.13|OTTHUMG00000010768.5|OTTHUMT00000494396.2|FRRS1-205|FRRS1|592
PR487_Michele_20180611_B07_rep1,5970,QPQFQRQGL,QPQFQRQGL,1.209955733100894,0.00177304964539,0.9341449540197388,167.82,2,ENSP00000363193.3|ENST00000374080.8|ENSG00000184634.16|OTTHUMG00000021788.5|OTTHUMT00000057105.2|MED12-202|MED12|2177;ENSP00000333125.7|ENST00000333646.10|ENSG00000184634.16|OTTHUMG00000021788.5|-|MED12-201|MED12|2027
PR487_Michele_20180611_B07_rep1,6360,GPREAFRQL,GPREAFRQL,1.1960642841540758,0.00177304964539,0.9062319497173827,114.86,3,ENSP00000363103.3|ENST00000373991.3|ENSG00000171222.10|OTTHUMG00000032370.2|OTTHUMT00000078958.2|SCAND1-202|SCAND1|179;ENSP00000301995.2|ENST00000305978.6|ENSG00000171222.10|OTTHUMG00000032370.2|OTTHUMT00000078959.2|SCAND1-201|SCAND1|179
PR487_Michele_20180611_B07_rep1,11010,GPVYPHPVL,GPVYPHPVL,1.1949705925952254,0.00177304964539,0.9010104807173888,120.06,2,ENSP00000500446.1|ENST00000673391.1|ENSG00000183337.17|OTTHUMG00000024100.11|OTTHUMT00000529655.1|BCOR-215|BCOR|1721;ENSP00000380512.3|ENST00000397354.7|ENSG00000183337.17|OTTHUMG00000024100.11|OTTHUMT00000060670.1|BCOR-205|BCOR|1721;ENSP00000345923.4|ENST00000342274.8|ENSG00000183337.17|OTTHUMG00000024100.11|-|BCOR-201|BCOR|1721;ENSP00000367705.4|ENST00000378444.9|ENSG00000183337.17|OTTHUMG00000024100.11|OTTHUMT00000060666.3|BCOR-202|BCOR|1755;ENSP00000403823.2|ENST00000427012.2|ENSG00000183337.17|OTTHUMG00000024100.11|OTTHUMT00000529654.1|BCOR-209|BCOR|1208;ENSP00000483217.1|ENST00000615339.1|ENSG00000183337.17|OTTHUMG00000024100.11|-|BCOR-212|BCOR|411
PR487_Michele_20180611_B07_rep1,9263,KPFYFHGV,KPFYFHGV,1.194766202008188,0.00177304964539,0.916754249743798,132.8,2,ENSP00000302728.4|ENST00000304895.9|ENSG00000169919.17|OTTHUMG00000023735.5|OTTHUMT00000251637.4|GUSB-201|GUSB|651
PR487_Michele_20180611_B07_rep1,6828,MPSPVSPKL,M[+16.0]PSPVSPKL,1.1723123770041548,0.00177304964539,0.9168454739275648,116.25,2,ENSP00000265343.5|ENST00000265343.10|ENSG00000072364.13|OTTHUMG00000059838.10|OTTHUMT00000133049.2|AFF4-201|AFF4|1163
PR487_Michele_20180611_B07_rep1,3014,APKRPPSAF,APKRPPSAF,1.1551431624421038,0.00177304964539,0.8586203994976559,174.73,2,ENSP00000404912.2|ENST00000438704.6|ENSG00000164104.12|OTTHUMG00000160799.3|OTTHUMT00000362365.1|HMGB2-202|HMGB2|209;ENSP00000393448.2|ENST00000446922.6|ENSG00000164104.12|OTTHUMG00000160799.3|OTTHUMT00000362364.1|HMGB2-203|HMGB2|209;ENSP00000296503.5|ENST00000296503.10|ENSG00000164104.12|OTTHUMG00000160799.3|OTTHUMT00000362362.2|HMGB2-201|HMGB2|209;ENSP00000423001.1|ENST00000506267.1|ENSG00000164104.12|OTTHUMG00000160799.3|OTTHUMT00000362366.2|HMGB2-204|HMGB2|134;ENSP00000382412.1|ENST00000399489.5|ENSG00000189403.15|OTTHUMG00000016670.8|OTTHUMT00000303980.1|HMGB1-204|HMGB1|158;ENSP00000369904.1|ENST00000326004.4|ENSG00000189403.15|OTTHUMG00000016670.8|OTTHUMT00000044358.1|HMGB1-201|HMGB1|158
PR487_Michele_20180611_B07_rep1,7361,KPVAPSNVL,KPVAPSNVL,1.153737416823159,0.00177304964539,0.9549232716980648,119.41,2,ENSP00000352140.4|ENST00000359210.8|ENSG00000058600.16|OTTHUMG00000094779.4|OTTHUMT00000430068.1|POLR3E-202|POLR3E|666;ENSP00000399254.2|ENST00000418581.6|ENSG00000058600.16|OTTHUMG00000094779.4|OTTHUMT00000430066.1|POLR3E-203|POLR3E|672;ENSP00000456967.1|ENST00000564209.5|ENSG00000058600.16|OTTHUMG00000094779.4|OTTHUMT00000430064.1|POLR3E-209|POLR3E|687;ENSP00000299853.5|ENST00000299853.10|ENSG00000058600.16|OTTHUMG00000094779.4|OTTHUMT00000211590.2|POLR3E-201|POLR3E|708
PR487_Michele_20180611_B07_rep1,11757,NPRIPYTEL,NPRIPYTEL,1.1321835340040174,0.00177304964539,0.9088213108777408,142.19,2,ENSP00000225916.5|ENST00000225916.10|ENSG00000108773.11|OTTHUMG00000133504.4|OTTHUMT00000257458.2|KAT2A-201|KAT2A|837
PR487_Michele_20180611_B07_rep1,8402,RPSSLRQYL,RPSSLRQYL,1.1218088182611154,0.00177304964539,0.9224195896397032,76.827,2,ENSP00000377160.2|ENST00000393526.6|ENSG00000168754.15|OTTHUMG00000155257.5|OTTHUMT00000339493.2|FAM178B-201|FAM178B|119;ENSP00000429896.1|ENST00000490605.3|ENSG00000168754.15|OTTHUMG00000155257.5|OTTHUMT00000339494.4|FAM178B-204|FAM178B|679
PR487_Michele_20180611_B07_rep1,8569,TPSLVKSTSQL,TPSLVKSTSQL,1.1191470436887183,0.00177304964539,0.8629062323924965,202.44,2,ENSP00000447317.1|ENST00000549164.5|ENSG00000135390.20|OTTHUMG00000133442.6|OTTHUMT00000407403.1|ATP5MC2-204|ATP5MC2|141;ENSP00000377878.4|ENST00000394349.8|ENSG00000135390.20|OTTHUMG00000133442.6|OTTHUMT00000257312.4|ATP5MC2-202|ATP5MC2|141
PR487_Michele_20180611_B07_rep1,5427,SPDHRHIYL,SPDHRHIYL,1.1154055471090203,0.00177304964539,0.8552753154046716,71.692,2,ENSP00000358696.3|ENST00000369682.4|ENSG00000130827.6|OTTHUMG00000033290.6|OTTHUMT00000081634.3|PLXNA3-201|PLXNA3|1871
PR487_Michele_20180611_B07_rep1,11221,PYPRPIHL,PYPRPIHL,1.1057696708222808,0.00177304964539,0.9347822764169592,107.74,2,ENSP00000457333.1|ENST00000567954.6|ENSG00000102897.10|OTTHUMG00000131554.4|OTTHUMT00000436178.2|LYRM1-208|LYRM1|122;ENSP00000454826.1|ENST00000568663.5|ENSG00000102897.10|OTTHUMG00000131554.4|OTTHUMT00000436172.1|LYRM1-209|LYRM1|122;ENSP00000454551.1|ENST00000569023.5|ENSG00000102897.10|OTTHUMG00000131554.4|OTTHUMT00000436175.2|LYRM1-211|LYRM1|122;ENSP00000407883.1|ENST00000439021.5|ENSG00000102897.10|OTTHUMG00000131554.4|-|LYRM1-204|LYRM1|122;ENSP00000379367.2|ENST00000396052.3|ENSG00000102897.10|OTTHUMG00000131554.4|OTTHUMT00000254416.1|LYRM1-202|LYRM1|122;ENSP00000219168.4|ENST00000219168.8|ENSG00000102897.10|OTTHUMG00000131554.4|-|LYRM1-201|LYRM1|122
PR487_Michele_20180611_B07_rep1,10802,FPHLPGKTF,FPHLPGKTF,1.0937168986138723,0.00177304964539,0.8774565651520261,121.67,2,ENSP00000309031.4|ENST00000310421.5|ENSG00000175073.8|OTTHUMG00000164560.2|OTTHUMT00000379227.2|VCPIP1-201|VCPIP1|1222
PR487_Michele_20180611_B07_rep1,4677,KPKPTPDYL,KPKPTPDYL,1.0926049403093727,0.00177304964539,0.9347519215422078,154.71,2,ENSP00000408775.2|ENST00000453779.6|ENSG00000112531.17|OTTHUMG00000015977.6|OTTHUMT00000043017.2|QKI-207|QKI|319;ENSP00000375973.2|ENST00000392127.6|ENSG00000112531.17|OTTHUMG00000015977.6|OTTHUMT00000400529.1|QKI-205|QKI|319;ENSP00000354951.4|ENST00000361758.8|ENSG00000112531.17|OTTHUMG00000015977.6|OTTHUMT00000400528.1|QKI-204|QKI|319;ENSP00000355094.3|ENST00000361752.8|ENSG00000112531.17|OTTHUMG00000015977.6|OTTHUMT00000043016.3|QKI-203|QKI|341;ENSP00000275262.7|ENST00000275262.11|ENSG00000112531.17|OTTHUMG00000015977.6|OTTHUMT00000043018.2|QKI-201|QKI|325;ENSP00000354867.2|ENST00000361195.6|ENSG00000112531.17|OTTHUMG00000015977.6|OTTHUMT00000400530.1|QKI-202|QKI|333
PR487_Michele_20180611_B07_rep1,4162,RPQASHQLL,RPQASHQLL,1.0924465545621729,0.00177304964539,0.7271740891643397,50.805,3,ENSP00000498709.1|ENST00000469548.5|ENSG00000126088.14|OTTHUMG00000008949.7|OTTHUMT00000024810.2|UROD-211|UROD|247;ENSP00000404489.2|ENST00000434478.6|ENSG00000126088.14|OTTHUMG00000008949.7|OTTHUMT00000502777.1|UROD-203|UROD|275;ENSP00000490594.1|ENST00000636836.1|ENSG00000126088.14|OTTHUMG00000008949.7|OTTHUMT00000489171.1|UROD-222|UROD|298;ENSP00000498413.1|ENST00000652287.1|ENSG00000126088.14|OTTHUMG00000008949.7|OTTHUMT00000024806.4|UROD-226|UROD|346;ENSP00000246337.4|ENST00000246337.9|ENSG00000126088.14|OTTHUMG00000008949.7|OTTHUMT00000024803.2|UROD-201|UROD|367;ENSP00000498551.1|ENST00000491773.6|ENSG00000126088.14|OTTHUMG00000008949.7|OTTHUMT00000502776.1|UROD-218|UROD|286;ENSP00000490710.1|ENST00000636293.1|ENSG00000126088.14|OTTHUMG00000008949.7|OTTHUMT00000489170.1|UROD-221|UROD|321
PR487_Michele_20180611_B07_rep1,10982,SPVDIRPQL,SPVDIRPQL,1.0919741712865658,0.00177304964539,0.9084506625263268,103.74,2,ENSP00000367608.4|ENST00000378357.9|ENSG00000107159.13|OTTHUMG00000021029.2|OTTHUMT00000055479.2|CA9-201|CA9|459
PR487_Michele_20180611_B07_rep1,2563,PAGAAPRPPPKPM,PAGAAPRPPPKPM[+16.0],1.081769331876693,0.00177304964539,0.9227849059010378,86.114,3,ENSP00000496643.1|ENST00000646449.2|ENSG00000197728.11|OTTHUMG00000170139.7|OTTHUMT00000494478.5|RPS26-204|RPS26|115;ENSP00000450339.1|ENST00000552361.1|ENSG00000197728.11|OTTHUMG00000170139.7|OTTHUMT00000407617.1|RPS26-203|RPS26|115;ENSP00000348849.5|ENST00000356464.10|ENSG00000197728.11|OTTHUMG00000170139.7|OTTHUMT00000407616.4|RPS26-201|RPS26|115
PR487_Michele_20180611_B07_rep1,5689,DPMKARVVL,DPM[+16.0]KARVVL,1.0722907362154452,0.00177304964539,0.9517924220426044,84.498,2,ENSP00000498987.1|ENST00000650651.1|ENSG00000143742.13|OTTHUMG00000037738.4|OTTHUMT00000502141.1|SRP9-206|SRP9|49;ENSP00000498520.1|ENST00000651761.1|ENSG00000143742.13|OTTHUMG00000037738.4|OTTHUMT00000502142.1|SRP9-209|SRP9|52;ENSP00000485985.1|ENST00000626563.2|ENSG00000143742.13|OTTHUMG00000037738.4|-|SRP9-205|SRP9|66;ENSP00000355803.1|ENST00000366838.1|ENSG00000143742.13|OTTHUMG00000037738.4|OTTHUMT00000092056.1|SRP9-202|SRP9|66;ENSP00000498359.1|ENST00000651465.1|ENSG00000143742.13|OTTHUMG00000037738.4|OTTHUMT00000499077.2|SRP9-207|SRP9|82;ENSP00000485002.1|ENST00000619790.4|ENSG00000143742.13|OTTHUMG00000037738.4|-|SRP9-204|SRP9|82;ENSP00000355804.4|ENST00000366839.8|ENSG00000143742.13|OTTHUMG00000037738.4|OTTHUMT00000092055.1|SRP9-203|SRP9|82;ENSP00000305230.7|ENST00000304786.11|ENSG00000143742.13|OTTHUMG00000037738.4|OTTHUMT00000092054.1|SRP9-201|SRP9|86
PR487_Michele_20180611_B07_rep1,15735,TPSTPFSDL,TPSTPFSDL,1.0708301420221082,0.00177304964539,0.957861956182332,183.9,1,ENSP00000363193.3|ENST00000374080.8|ENSG00000184634.16|OTTHUMG00000021788.5|OTTHUMT00000057105.2|MED12-202|MED12|2177;ENSP00000333125.7|ENST00000333646.10|ENSG00000184634.16|OTTHUMG00000021788.5|-|MED12-201|MED12|2027
PR487_Michele_20180611_B07_rep1,11986,LPKQPPLML,LPKQPPLM[+16.0]L,1.0704990597673498,0.00177304964539,0.9088593643382554,132.53,2,ENSP00000392808.2|ENST00000448631.6|ENSG00000141084.11|OTTHUMG00000184044.5|OTTHUMT00000467897.1|RANBP10-202|RANBP10|594;ENSP00000316589.3|ENST00000317506.8|ENSG00000141084.11|OTTHUMG00000184044.5|OTTHUMT00000467896.4|RANBP10-201|RANBP10|620
PR487_Michele_20180611_B07_rep1,12520,FPDNQRPFL,FPDNQRPFL,1.0635081431103657,0.00177304964539,0.909250430802186,109.01,2,ENSP00000306894.5|ENST00000306376.10|ENSG00000244405.8|OTTHUMG00000156639.5|OTTHUMT00000344947.2|ETV5-201|ETV5|510
PR487_Michele_20180611_B07_rep1,14042,FPNKPPLTF,FPNKPPLTF,1.0549045367946337,0.00177304964539,0.8139884527458725,116.37,2,ENSP00000386601.1|ENST00000409767.5|ENSG00000163939.18|OTTHUMG00000152663.3|OTTHUMT00000327229.1|PBRM1-207|PBRM1|1597;ENSP00000349213.4|ENST00000356770.8|ENSG00000163939.18|OTTHUMG00000152663.3|OTTHUMT00000327225.1|PBRM1-203|PBRM1|1602;ENSP00000386529.1|ENST00000410007.5|ENSG00000163939.18|OTTHUMG00000152663.3|OTTHUMT00000327231.1|PBRM1-208|PBRM1|1609;ENSP00000296302.7|ENST00000296302.11|ENSG00000163939.18|OTTHUMG00000152663.3|OTTHUMT00000327232.1|PBRM1-201|PBRM1|1689;ENSP00000404579.1|ENST00000412587.5|ENSG00000163939.18|OTTHUMG00000152663.3|OTTHUMT00000327244.1|PBRM1-209|PBRM1|856;ENSP00000397662.1|ENST00000446103.5|ENSG00000163939.18|OTTHUMG00000152663.3|OTTHUMT00000327228.2|PBRM1-215|PBRM1|1085
PR487_Michele_20180611_B07_rep1,16822,LPSLRILYM,LPSLRILYM[+16.0],1.0547453285555008,0.00177304964539,0.793352426282208,91.853,2,ENSP00000354876.1|ENST00000361739.1|ENSG00000198712.1|-|-|MT-CO2-201|MT-CO2|227
PR487_Michele_20180611_B07_rep1,11012,RPVTPITNF,RPVTPITNF,1.045489328940665,0.00177304964539,0.9378018801956975,128.69,2,ENSP00000491017.1|ENST00000638702.1|ENSG00000266173.7|OTTHUMG00000178908.13|OTTHUMT00000491846.1|STRADA-230|STRADA|373;ENSP00000365000.4|ENST00000375840.9|ENSG00000266173.7|OTTHUMG00000178908.13|OTTHUMT00000443890.4|STRADA-203|STRADA|373;ENSP00000492578.1|ENST00000639835.1|ENSG00000266173.7|OTTHUMG00000178908.13|OTTHUMT00000491845.1|STRADA-241|STRADA|394;ENSP00000491580.1|ENST00000638708.1|ENSG00000266173.7|OTTHUMG00000178908.13|OTTHUMT00000491844.1|STRADA-231|STRADA|402;ENSP00000336655.6|ENST00000336174.12|ENSG00000266173.7|OTTHUMG00000178908.13|OTTHUMT00000443894.5|STRADA-202|STRADA|431
PR487_Michele_20180611_B07_rep1,13692,APAGGFGGF,APAGGFGGF,1.0365793392939509,0.00177304964539,0.892962657783615,145.21,1,ENSP00000425243.1|ENST00000507257.5|ENSG00000138750.15|OTTHUMG00000130098.5|OTTHUMT00000362697.1|NUP54-205|NUP54|102;ENSP00000421304.1|ENST00000514987.5|ENSG00000138750.15|OTTHUMG00000130098.5|OTTHUMT00000362699.1|NUP54-217|NUP54|459;ENSP00000264883.3|ENST00000264883.8|ENSG00000138750.15|OTTHUMG00000130098.5|OTTHUMT00000252402.4|NUP54-201|NUP54|507
PR487_Michele_20180611_B07_rep1,11668,VPKSPAFAL,VPKSPAFAL,1.0335250827627729,0.00177304964539,0.8745643032613257,84.743,2,ENSP00000300403.6|ENST00000300403.11|ENSG00000088325.16|OTTHUMG00000032190.3|OTTHUMT00000078569.3|TPX2-201|TPX2|747;ENSP00000341145.4|ENST00000340513.4|ENSG00000088325.16|OTTHUMG00000032190.3|OTTHUMT00000078570.1|TPX2-202|TPX2|783
PR487_Michele_20180611_B07_rep1,5090,SPQNVPEKL,SPQNVPEKL,1.033149885912297,0.00177304964539,0.9375232390475364,126.24,2,ENSP00000348381.4|ENST00000356080.9|ENSG00000148700.15|OTTHUMG00000019032.2|OTTHUMT00000050289.2|ADD3-202|ADD3|706
PR487_Michele_20180611_B07_rep1,8650,YPNPKPEVL,YPNPKPEVL,1.0255200217729297,0.00177304964539,0.8905218199173363,80.165,2,ENSP00000403252.2|ENST00000450453.6|ENSG00000143228.13|OTTHUMG00000034275.4|OTTHUMT00000082814.3|NUF2-204|NUF2|145;ENSP00000392652.1|ENST00000442820.5|ENSG00000143228.13|OTTHUMG00000034275.4|OTTHUMT00000082815.1|NUF2-203|NUF2|202;ENSP00000436888.1|ENST00000524800.5|ENSG00000143228.13|OTTHUMG00000034275.4|OTTHUMT00000388676.1|NUF2-208|NUF2|417;ENSP00000356875.3|ENST00000367900.7|ENSG00000143228.13|OTTHUMG00000034275.4|OTTHUMT00000082813.2|NUF2-202|NUF2|464;ENSP00000271452.3|ENST00000271452.8|ENSG00000143228.13|OTTHUMG00000034275.4|OTTHUMT00000082812.2|NUF2-201|NUF2|464
PR487_Michele_20180611_B07_rep1,6365,PAPIHNQF,PAPIHNQF,1.0250334238807568,0.00177304964539,0.8644965018126705,118.06,1,ENSP00000369118.2|ENST00000379792.6|ENSG00000051108.15|OTTHUMG00000133276.10|OTTHUMT00000432313.1|HERPUD1-203|HERPUD1|366;ENSP00000300302.5|ENST00000300302.9|ENSG00000051108.15|OTTHUMG00000133276.10|OTTHUMT00000432314.1|HERPUD1-201|HERPUD1|390;ENSP00000409555.2|ENST00000439977.7|ENSG00000051108.15|OTTHUMG00000133276.10|OTTHUMT00000257056.7|HERPUD1-204|HERPUD1|391
PR487_Michele_20180611_B07_rep1,11957,SPNAEIHIL,SPNAEIHIL,0.9962006790239764,0.00177304964539,0.8280782910456643,91.064,2,ENSP00000460077.1|ENST00000568312.1|ENSG00000079616.12|OTTHUMG00000097771.5|OTTHUMT00000435533.2|KIF22-207|KIF22|72;ENSP00000456165.2|ENST00000569382.2|ENSG00000079616.12|OTTHUMG00000097771.5|OTTHUMT00000435529.2|KIF22-208|KIF22|611;ENSP00000160827.4|ENST00000160827.8|ENSG00000079616.12|OTTHUMG00000097771.5|OTTHUMT00000215012.2|KIF22-201|KIF22|665
PR487_Michele_20180611_B07_rep1,11880,YPPAPFMHI,YPPAPFM[+16.0]HI,0.9956827455397816,0.00177304964539,0.9034110762809872,86.344,2,ENSP00000389445.1|ENST00000428931.6|ENSG00000143569.19|OTTHUMG00000035983.6|OTTHUMT00000504330.2|UBAP2L-207|UBAP2L|1087;ENSP00000398609.1|ENST00000428595.1|ENSG00000143569.19|OTTHUMG00000035983.6|OTTHUMT00000087685.1|UBAP2L-206|UBAP2L|383;ENSP00000407672.1|ENST00000433615.5|ENSG00000143569.19|OTTHUMG00000035983.6|OTTHUMT00000087687.1|UBAP2L-208|UBAP2L|399
PR487_Michele_20180611_B07_rep1,9717,SPYVSPKESPF,SPYVSPKESPF,0.987311696777358,0.00177304964539,0.8725380713963974,102.07,2,ENSP00000376197.3|ENST00000392396.7|ENSG00000072274.13|OTTHUMG00000155714.3|OTTHUMT00000341347.1|TFRC-202|TFRC|760;ENSP00000353224.4|ENST00000360110.9|ENSG00000072274.13|OTTHUMG00000155714.3|OTTHUMT00000341346.2|TFRC-201|TFRC|760;ENSP00000390133.1|ENST00000420415.5|ENSG00000072274.13|OTTHUMG00000155714.3|OTTHUMT00000341348.1|TFRC-203|TFRC|679
PR487_Michele_20180611_B07_rep1,12491,VPLAATSML,VPLAATSM[+16.0]L,0.982063477356778,0.00177304964539,0.926121750636112,159.19,1,ENSP00000422171.1|ENST00000509664.5|ENSG00000109180.14|OTTHUMG00000102095.19|OTTHUMT00000367272.2|OCIAD1-219|OCIAD1|73;ENSP00000426902.1|ENST00000509164.5|ENSG00000109180.14|OTTHUMG00000102095.19|OTTHUMT00000367291.1|OCIAD1-217|OCIAD1|80;ENSP00000424252.1|ENST00000508996.5|ENSG00000109180.14|OTTHUMG00000102095.19|OTTHUMT00000367274.14|OCIAD1-215|OCIAD1|80;ENSP00000425633.1|ENST00000509963.5|ENSG00000109180.14|OTTHUMG00000102095.19|OTTHUMT00000372008.1|OCIAD1-220|OCIAD1|97;ENSP00000420917.1|ENST00000507210.5|ENSG00000109180.14|OTTHUMG00000102095.19|OTTHUMT00000361865.3|OCIAD1-211|OCIAD1|97;ENSP00000423845.1|ENST00000514981.5|ENSG00000109180.14|OTTHUMG00000102095.19|OTTHUMT00000361864.2|OCIAD1-228|OCIAD1|112;ENSP00000426386.1|ENST00000512236.5|ENSG00000109180.14|OTTHUMG00000102095.19|OTTHUMT00000367288.2|OCIAD1-224|OCIAD1|171;ENSP00000427389.1|ENST00000511102.5|ENSG00000109180.14|OTTHUMG00000102095.19|OTTHUMT00000367292.2|OCIAD1-222|OCIAD1|172;ENSP00000416943.2|ENST00000425583.6|ENSG00000109180.14|OTTHUMG00000102095.19|-|OCIAD1-204|OCIAD1|194;ENSP00000423909.2|ENST00000513391.2|ENSG00000109180.14|OTTHUMG00000102095.19|OTTHUMT00000367269.2|OCIAD1-226|OCIAD1|245;ENSP00000423002.1|ENST00000508293.5|ENSG00000109180.14|OTTHUMG00000102095.19|OTTHUMT00000361813.2|OCIAD1-213|OCIAD1|245;ENSP00000370882.3|ENST00000381473.7|ENSG00000109180.14|OTTHUMG00000102095.19|OTTHUMT00000361812.3|OCIAD1-202|OCIAD1|245;ENSP00000264312.7|ENST00000264312.11|ENSG00000109180.14|OTTHUMG00000102095.19|OTTHUMT00000219929.2|OCIAD1-201|OCIAD1|245
PR487_Michele_20180611_B07_rep1,14782,SPRYIFTML,SPRYIFTM[+16.0]L,0.980201392955056,0.00177304964539,0.9175087020428336,129.72,2,ENSP00000411532.1|ENST00000423485.6|ENSG00000131747.15|OTTHUMG00000155008.4|OTTHUMT00000338035.2|TOP2A-201|TOP2A|1531;ENSP00000396704.2|ENST00000435706.6|ENSG00000077097.15|OTTHUMG00000155596.4|OTTHUMT00000340821.1|TOP2B-204|TOP2B|1621;ENSP00000264331.4|ENST00000264331.8|ENSG00000077097.15|OTTHUMG00000155596.4|-|TOP2B-201|TOP2B|1626
PR487_Michele_20180611_B07_rep1,13325,KPLFPGMGF,KPLFPGM[+16.0]GF,0.978308647579742,0.00177304964539,0.9259161788587912,97.075,2,ENSP00000465808.1|ENST00000513602.5|ENSG00000121104.8|OTTHUMG00000161696.4|OTTHUMT00000365737.2|FAM117A-209|FAM117A|181;ENSP00000240364.2|ENST00000240364.7|ENSG00000121104.8|OTTHUMG00000161696.4|OTTHUMT00000365736.2|FAM117A-201|FAM117A|453
PR487_Michele_20180611_B07_rep1,4908,TPAPPGPATM,TPAPPGPATM[+16.0],0.971482660937824,0.00177304964539,0.8903362984134812,161.11,2,ENSP00000362963.3|ENST00000373856.7|ENSG00000147140.16|OTTHUMG00000021798.4|OTTHUMT00000057139.1|NONO-203|NONO|471;ENSP00000362947.1|ENST00000373841.5|ENSG00000147140.16|OTTHUMG00000021798.4|OTTHUMT00000057140.1|NONO-202|NONO|471;ENSP00000276079.8|ENST00000276079.13|ENSG00000147140.16|OTTHUMG00000021798.4|OTTHUMT00000057138.2|NONO-201|NONO|471
PR487_Michele_20180611_B07_rep1,8422,APVNAGPSSL,APVNAGPSSL,0.964078955244094,0.00177304964539,0.927378206304874,93.429,1,ENSP00000386239.3|ENST00000409379.8|ENSG00000160949.17|OTTHUMG00000153122.4|OTTHUMT00000329668.3|TONSL-201|TONSL|1378
PR487_Michele_20180611_B07_rep1,15199,SPVKLFSGL,SPVKLFSGL,0.9636338491863584,0.00177304964539,0.8590088217921277,63.673,2,ENSP00000378815.2|ENST00000395425.6|ENSG00000126787.13|OTTHUMG00000140310.3|OTTHUMT00000276909.2|DLGAP5-202|DLGAP5|842;ENSP00000247191.2|ENST00000247191.7|ENSG00000126787.13|OTTHUMG00000140310.3|OTTHUMT00000276908.3|DLGAP5-201|DLGAP5|846
